<?xml version="1.0" encoding="UTF-8"?>
<includes>
	<constant name="MediaFlagBorder">2</constant>
	<constant name="DepthDialog">0.50</constant>
	<constant name="DepthDialog+">0.52</constant>
	<constant name="DepthDialog-">0.48</constant>
	<constant name="DepthMax">0.54</constant>
	<constant name="DepthOSD">0.40</constant>
	<constant name="DepthOSD+">0.44</constant>
	<constant name="DepthContentPopout">0.10</constant>
	<constant name="DepthContentPanel">0.05</constant>
	<constant name="DepthBars">0.12</constant>
	<constant name="DepthBackground">-0.80</constant>
	<constant name="DepthSideBlade">0.10</constant>
	<constant name="bg_alpha">79</constant>
	<constant name="dialogbuttons_itemgap">-20</constant>
	<constant name="list_bottom">0</constant>
	<constant name="list_bottom_offset">80</constant>
	<constant name="list_top_offset">100</constant>
	<constant name="list_item_height">75</constant>
</includes>