<?xml version="1.0" encoding="UTF-8"?>
<fonts>
	<fontset id="Default" idloc="31390"> 
	<!-- Normal Fonts -->
		<font>
			<name>font13</name>
			<filename>NotoSans-Regular.ttf</filename>
			<size>13</size>
		</font>
		<font>
			<name>font16</name>
			<filename>NotoSans-Regular.ttf</filename>
			<size>16</size>
		</font>
		<font>
			<name>font20</name>
			<filename>NotoSans-Regular.ttf</filename>
			<size>25</size>
		</font>
		<font>
			<name>font22</name>
			<filename>NotoSans-Regular.ttf</filename>
			<size>22</size>
		</font>
		<font>
			<name>font24</name>
			<filename>NotoSans-Regular.ttf</filename>
			<size>24</size>
		</font>
		<font>
			<name>font25</name>
			<filename>NotoSans-Regular.ttf</filename>
			<size>25</size>
		</font>
\t\t<font>
\t\t\t<name>font25_bold</name>
\t\t\t<filename>NotoSans-Regular.ttf</filename>
\t\t\t<size>25</size>
\t\t\t<style>bold</style>
\t\t</font>
		<font>
			<name>font30</name>
			<filename>NotoSans-Regular.ttf</filename>
			<size>30</size>
		</font>
		<font>
			<name>font40</name>
			<filename>NotoSans-Regular.ttf</filename>
			<size>40</size>
		</font>
	<!-- Title Fonts -->
		<font>
			<name>font11_title</name>
			<filename>NotoSans-Regular.ttf</filename>
			<size>11</size>
			<style>bold</style>
		</font>
		<font>
			<name>font14_title</name>
			<filename>NotoSans-Regular.ttf</filename>
			<size>14</size>
			<style>bold</style>
		</font>
		<font>
			<name>font18_title</name>
			<filename>NotoSans-Regular.ttf</filename>
			<size>18</size>
			<style>bold</style>
		</font>
		<font>
			<name>font20_title</name>
			<filename>NotoSans-Regular.ttf</filename>
			<size>20</size>
			<style>bold</style>
		</font>
		<font>
			<name>font24_title</name>
			<filename>NotoSans-Regular.ttf</filename>
			<size>30</size>
			<style>bold</style>
		</font>
		<font>
			<name>font28_title</name>
			<filename>NotoSans-Regular.ttf</filename>
			<size>28</size>
			<style>bold</style>
		</font>
		<font>
			<name>font30_title</name>
			<filename>NotoSans-Regular.ttf</filename>
			<size>30</size>
			<style>bold</style>
		</font>
		<font>
			<name>font35_title</name>
			<filename>NotoSans-Regular.ttf</filename>
			<size>35</size>
			<style>bold</style>
		</font>
		<font>
			<name>font40_title</name>
			<filename>NotoSans-Regular.ttf</filename>
			<size>40</size>
			<style>bold</style>
		</font>
		<font>
			<name>font45_title</name>
			<filename>NotoSans-Regular.ttf</filename>
			<size>45</size>
			<style>bold</style>
		</font>
		<font>
			<name>font50_title</name>
			<filename>NotoSans-Regular.ttf</filename>
			<size>50</size>
			<style>bold</style>
		</font>
		<font>
			<name>font60_title</name>
			<filename>NotoSans-Regular.ttf</filename>
			<size>60</size>
			<style>bold</style>
		</font>
		<font>
			<name>font70_title</name>
			<filename>NotoSans-Regular.ttf</filename>
			<size>70</size>
			<style>lighten</style>
		</font>
		<font>
			<name>font80_title</name>
			<filename>NotoSans-Regular.ttf</filename>
			<size>80</size>
			<style>bold</style>
		</font>
		<font>
			<name>font90_title</name>
			<filename>NotoSans-Regular.ttf</filename>
			<size>90</size>
			<style>bold</style>
		</font>
		<font>
			<name>font100_title</name>
			<filename>NotoSans-Regular.ttf</filename>
			<size>100</size>
			<style>bold</style>
		</font>
		<font>
			<name>font20_narrow</name>
			<filename>NotoSans-Regular.ttf</filename>
			<size>20</size>
			<linespacing>0.80</linespacing>
		</font>
	</fontset>
	<fontset id="Arial" idloc="31391"> 
	<!-- Normal Fonts -->
		<font>
			<name>font13</name>
			<filename>Arial.ttf</filename>
			<size>24</size>
		</font>
		<font>
			<name>font16</name>
			<filename>Arial.ttf</filename>
			<size>16</size>
		</font>
		<font>
			<name>font20</name>
			<filename>Arial.ttf</filename>
			<size>20</size>
		</font>
		<font>
			<name>font22</name>
			<filename>Arial.ttf</filename>
			<size>22</size>
		</font>
		<font>
			<name>font24</name>
			<filename>Arial.ttf</filename>
			<size>24</size>
		</font>
		<font>
			<name>font25</name>
			<filename>Arial.ttf</filename>
			<size>25</size>
		</font>
\t\t<font>
\t\t\t<name>font25_bold</name>
\t\t\t<filename>NotoSans-Regular.ttf</filename>
\t\t\t<size>25</size>
\t\t\t<style>bold</style>
\t\t</font>
		<font>
			<name>font30</name>
			<filename>Arial.ttf</filename>
			<size>30</size>
		</font>
		<font>
			<name>font40</name>
			<filename>Arial.ttf</filename>
			<size>40</size>
		</font>
	<!-- Title Fonts -->
		<font>
			<name>font11_title</name>
			<filename>Arial.ttf</filename>
			<size>11</size>
			<style>bold</style>
		</font>
		<font>
			<name>font14_title</name>
			<filename>Arial.ttf</filename>
			<size>14</size>
			<style>bold</style>
		</font>
		<font>
			<name>font18_title</name>
			<filename>Arial.ttf</filename>
			<size>18</size>
			<style>bold</style>
		</font>
		<font>
			<name>font20_title</name>
			<filename>Arial.ttf</filename>
			<size>20</size>
			<style>bold</style>
		</font>
		<font>
			<name>font24_title</name>
			<filename>Arial.ttf</filename>
			<size>24</size>
			<style>bold</style>
		</font>
		<font>
			<name>font28_title</name>
			<filename>Arial.ttf</filename>
			<size>28</size>
			<style>bold</style>
		</font>
		<font>
			<name>font30_title</name>
			<filename>Arial.ttf</filename>
			<size>30</size>
			<style>bold</style>
		</font>
		<font>
			<name>font35_title</name>
			<filename>Arial.ttf</filename>
			<size>35</size>
			<style>bold</style>
		</font>
		<font>
			<name>font70_title</name>
			<filename>Arial.ttf</filename>
			<size>70</size>
			<style>lighten</style>
		</font>
		<font>
			<name>font80_title</name>
			<filename>Arial.ttf</filename>
			<size>80</size>
			<style>bold</style>
		</font>
		<font>
			<name>font90_title</name>
			<filename>Arial.ttf</filename>
			<size>90</size>
			<style>bold</style>
		</font>
		<font>
			<name>font20_narrow</name>
			<filename>Arial.ttf</filename>
			<size>20</size>
			<linespacing>0.91</linespacing>
		</font>
		
	</fontset>
	
	<fontset id="halloween" > 
<font>
			<name>font13</name>
			<filename>halloween.ttf</filename>
			<size>13</size>
		</font>
		<font>
			<name>font16</name>
			<filename>halloween.ttf</filename>
			<size>16</size>
		</font>
		<font>
			<name>font20</name>
			<filename>halloween.ttf</filename>
			<size>25</size>
		</font>
		<font>
			<name>font22</name>
			<filename>halloween.ttf</filename>
			<size>22</size>
		</font>
		<font>
			<name>font24</name>
			<filename>halloween.ttf</filename>
			<size>24</size>
		</font>
		<font>
			<name>font25</name>
			<filename>halloween.ttf</filename>
			<size>25</size>
		</font>
\t\t<font>
\t\t\t<name>font25_bold</name>
\t\t\t<filename>NotoSans-Regular.ttf</filename>
\t\t\t<size>25</size>
\t\t\t<style>bold</style>
\t\t</font>
		<font>
			<name>font30</name>
			<filename>halloween.ttf</filename>
			<size>30</size>
		</font>
		<font>
			<name>font40</name>
			<filename>halloween.ttf</filename>
			<size>40</size>
		</font>
	<!-- Title Fonts -->
		<font>
			<name>font11_title</name>
			<filename>halloween.ttf</filename>
			<size>11</size>
			<style>bold</style>
		</font>
		<font>
			<name>font14_title</name>
			<filename>halloween.ttf</filename>
			<size>14</size>
			<style>bold</style>
		</font>
		<font>
			<name>font18_title</name>
			<filename>halloween.ttf</filename>
			<size>18</size>
			<style>bold</style>
		</font>
		<font>
			<name>font20_title</name>
			<filename>halloween.ttf</filename>
			<size>20</size>
			<style>bold</style>
		</font>
		<font>
			<name>font24_title</name>
			<filename>halloween.ttf</filename>
			<size>30</size>
			<style>bold</style>
		</font>
		<font>
			<name>font28_title</name>
			<filename>halloween.ttf</filename>
			<size>28</size>
			<style>bold</style>
		</font>
		<font>
			<name>font30_title</name>
			<filename>halloween.ttf</filename>
			<size>30</size>
			<style>bold</style>
		</font>
		<font>
			<name>font35_title</name>
			<filename>halloween.ttf</filename>
			<size>35</size>
			<style>bold</style>
		</font>
		<font>
			<name>font50_title</name>
			<filename>halloween.ttf</filename>
			<size>50</size>
			<style>bold</style>
		</font>
		<font>
			<name>font60_title</name>
			<filename>halloween.ttf</filename>
			<size>60</size>
			<style>bold</style>
		</font>
		<font>
			<name>font70_title</name>
			<filename>halloween.ttf</filename>
			<size>70</size>
			<style>lighten</style>
		</font>
		<font>
			<name>font80_title</name>
			<filename>halloween.ttf</filename>
			<size>80</size>
			<style>bold</style>
		</font>
		<font>
			<name>font20_narrow</name>
			<filename>halloween.ttf</filename>
			<size>20</size>
			<linespacing>0.80</linespacing>
		</font>
		</fontset>
		
		<fontset id="halloween2" > 
		<font>
			<name>font13</name>
			<filename>halloween2.ttf</filename>
			<size>13</size>
		</font>
		<font>
			<name>font16</name>
			<filename>halloween2.ttf</filename>
			<size>16</size>
		</font>
		<font>
			<name>font20</name>
			<filename>halloween2.ttf</filename>
			<size>25</size>
		</font>
		<font>
			<name>font22</name>
			<filename>halloween2.ttf</filename>
			<size>22</size>
		</font>
		<font>
			<name>font24</name>
			<filename>halloween2.ttf</filename>
			<size>24</size>
		</font>
		<font>
			<name>font25</name>
			<filename>halloween2.ttf</filename>
			<size>25</size>
		</font>
\t\t<font>
\t\t\t<name>font25_bold</name>
\t\t\t<filename>NotoSans-Regular.ttf</filename>
\t\t\t<size>25</size>
\t\t\t<style>bold</style>
\t\t</font>
		<font>
			<name>font30</name>
			<filename>halloween2.ttf</filename>
			<size>30</size>
		</font>
		<font>
			<name>font40</name>
			<filename>halloween2.ttf</filename>
			<size>40</size>
		</font>
	<!-- Title Fonts -->
		<font>
			<name>font11_title</name>
			<filename>halloween2.ttf</filename>
			<size>11</size>
			<style>bold</style>
		</font>
		<font>
			<name>font14_title</name>
			<filename>halloween2.ttf</filename>
			<size>14</size>
			<style>bold</style>
		</font>
		<font>
			<name>font18_title</name>
			<filename>halloween2.ttf</filename>
			<size>18</size>
			<style>bold</style>
		</font>
		<font>
			<name>font20_title</name>
			<filename>halloween2.ttf</filename>
			<size>20</size>
			<style>bold</style>
		</font>
		<font>
			<name>font24_title</name>
			<filename>halloween2.ttf</filename>
			<size>30</size>
			<style>bold</style>
		</font>
		<font>
			<name>font28_title</name>
			<filename>halloween2.ttf</filename>
			<size>28</size>
			<style>bold</style>
		</font>
		<font>
			<name>font30_title</name>
			<filename>halloween2.ttf</filename>
			<size>30</size>
			<style>bold</style>
		</font>
		<font>
			<name>font35_title</name>
			<filename>halloween2.ttf</filename>
			<size>35</size>
			<style>bold</style>
		</font>
		<font>
			<name>font50_title</name>
			<filename>halloween2.ttf</filename>
			<size>50</size>
			<style>bold</style>
		</font>
		<font>
			<name>font60_title</name>
			<filename>halloween2.ttf</filename>
			<size>60</size>
			<style>bold</style>
		</font>
		<font>
			<name>font70_title</name>
			<filename>halloween2.ttf</filename>
			<size>70</size>
			<style>lighten</style>
		</font>
		<font>
			<name>font80_title</name>
			<filename>halloween2.ttf</filename>
			<size>80</size>
			<style>bold</style>
		</font>
		<font>
			<name>font20_narrow</name>
			<filename>halloween2.ttf</filename>
			<size>20</size>
			<linespacing>0.80</linespacing>
		</font>
		</fontset>	
		
	<fontset id="halloween3" > 
        <font>
			<name>font13</name>
			<filename>halloween3.ttf</filename>
			<size>13</size>
		</font>
		<font>
			<name>font16</name>
			<filename>halloween3.ttf</filename>
			<size>16</size>
		</font>
		<font>
			<name>font20</name>
			<filename>halloween3.ttf</filename>
			<size>25</size>
		</font>
		<font>
			<name>font22</name>
			<filename>halloween3.ttf</filename>
			<size>22</size>
		</font>
		<font>
			<name>font24</name>
			<filename>halloween3.ttf</filename>
			<size>24</size>
		</font>
		<font>
			<name>font25</name>
			<filename>halloween3.ttf</filename>
			<size>25</size>
		</font>
\t\t<font>
\t\t\t<name>font25_bold</name>
\t\t\t<filename>NotoSans-Regular.ttf</filename>
\t\t\t<size>25</size>
\t\t\t<style>bold</style>
\t\t</font>
		<font>
			<name>font30</name>
			<filename>halloween3.ttf</filename>
			<size>30</size>
		</font>
		<font>
			<name>font40</name>
			<filename>halloween3.ttf</filename>
			<size>40</size>
		</font>
	<!-- Title Fonts -->
		<font>
			<name>font11_title</name>
			<filename>halloween3.ttf</filename>
			<size>11</size>
			<style>bold</style>
		</font>
		<font>
			<name>font14_title</name>
			<filename>halloween3.ttf</filename>
			<size>14</size>
			<style>bold</style>
		</font>
		<font>
			<name>font18_title</name>
			<filename>halloween3.ttf</filename>
			<size>18</size>
			<style>bold</style>
		</font>
		<font>
			<name>font20_title</name>
			<filename>halloween3.ttf</filename>
			<size>20</size>
			<style>bold</style>
		</font>
		<font>
			<name>font24_title</name>
			<filename>halloween3.ttf</filename>
			<size>30</size>
			<style>bold</style>
		</font>
		<font>
			<name>font28_title</name>
			<filename>halloween3.ttf</filename>
			<size>28</size>
			<style>bold</style>
		</font>
		<font>
			<name>font30_title</name>
			<filename>halloween3.ttf</filename>
			<size>30</size>
			<style>bold</style>
		</font>
		<font>
			<name>font35_title</name>
			<filename>halloween3.ttf</filename>
			<size>35</size>
			<style>bold</style>
		</font>
		<font>
			<name>font50_title</name>
			<filename>halloween3.ttf</filename>
			<size>50</size>
			<style>bold</style>
		</font>
		<font>
			<name>font60_title</name>
			<filename>halloween3.ttf</filename>
			<size>60</size>
			<style>bold</style>
		</font>
		<font>
			<name>font70_title</name>
			<filename>halloween3.ttf</filename>
			<size>70</size>
			<style>lighten</style>
		</font>
		<font>
			<name>font80_title</name>
			<filename>halloween3.ttf</filename>
			<size>80</size>
			<style>bold</style>
		</font>
		<font>
			<name>font20_narrow</name>
			<filename>halloween3.ttf</filename>
			<size>20</size>
			<linespacing>0.80</linespacing>
		</font>
		</fontset>
		
		<fontset id="Christmas" > 
        <font>
			<name>font13</name>
			<filename>Christmas.ttf</filename>
			<size>13</size>
		</font>
		<font>
			<name>font16</name>
			<filename>Christmas.ttf</filename>
			<size>20</size>
		</font>
		<font>
			<name>font20</name>
			<filename>Christmas.ttf</filename>
			<size>25</size>
		</font>
		<font>
			<name>font22</name>
			<filename>Christmas.ttf</filename>
			<size>22</size>
		</font>
		<font>
			<name>font24</name>
			<filename>Christmas.ttf</filename>
			<size>24</size>
		</font>
		<font>
			<name>font25</name>
			<filename>Christmas.ttf</filename>
			<size>25</size>
		</font>
\t\t<font>
\t\t\t<name>font25_bold</name>
\t\t\t<filename>NotoSans-Regular.ttf</filename>
\t\t\t<size>25</size>
\t\t\t<style>bold</style>
\t\t</font>
		<font>
			<name>font30</name>
			<filename>Christmas.ttf</filename>
			<size>30</size>
		</font>
		<font>
			<name>font40</name>
			<filename>Christmas.ttf</filename>
			<size>40</size>
		</font>
	<!-- Title Fonts -->
		<font>
			<name>font11_title</name>
			<filename>Christmas.ttf</filename>
			<size>11</size>
			<style>bold</style>
		</font>
		<font>
			<name>font14_title</name>
			<filename>Christmas.ttf</filename>
			<size>14</size>
			<style>bold</style>
		</font>
		<font>
			<name>font18_title</name>
			<filename>Christmas.ttf</filename>
			<size>18</size>
			<style>bold</style>
		</font>
		<font>
			<name>font20_title</name>
			<filename>Christmas.ttf</filename>
			<size>20</size>
			<style>bold</style>
		</font>
		<font>
			<name>font24_title</name>
			<filename>Christmas.ttf</filename>
			<size>50</size>
			<style></style>
		</font>
		<font>
			<name>font28_title</name>
			<filename>Christmas.ttf</filename>
			<size>28</size>
			<style>bold</style>
		</font>
		<font>
			<name>font30_title</name>
			<filename>Christmas.ttf</filename>
			<size>30</size>
			<style>bold</style>
		</font>
		<font>
			<name>font35_title</name>
			<filename>Christmas.ttf</filename>
			<size>60</size>
			<style></style>
		</font>
		<font>
			<name>font50_title</name>
			<filename>Christmas.ttf</filename>
			<size>70</size>
			<style></style>
		</font>
		<font>
			<name>font60_title</name>
			<filename>Christmas.ttf</filename>
			<size>60</size>
			<style>bold</style>
		</font>
		<font>
			<name>font70_title</name>
			<filename>Christmas.ttf</filename>
			<size>70</size>
			<style>lighten</style>
		</font>
		<font>
			<name>font80_title</name>
			<filename>Christmas.ttf</filename>
			<size>80</size>
			<style>bold</style>
		</font>
		<font>
			<name>font20_narrow</name>
			<filename>Christmas.ttf</filename>
			<size>20</size>
			<linespacing>0.80</linespacing>
		</font>
		</fontset>
</fonts>
