<?xml version="1.0" encoding="UTF-8" standalone="yes"?>
<addon id="repository.Kodi-Car" name="Repository Kodi-Car" version="1.0.0" provider-name="JorgeBeserra">
    <requires>
        <import addon="xbmc.addon" version="12.0.0"/>
    </requires>
    <extension point="xbmc.addon.repository" name="Jorge Beserra Repository">
        <dir minversion="19.0.0">
            <info compressed="false">https://raw.githubusercontent.com/JorgeBeserra/Kodi-Car/master/addons.xml</info>
            <checksum>https://raw.githubusercontent.com/JorgeBeserra/Kodi-Car/master/addons.xml.md5</checksum>
            <datadir zip="true">https://raw.githubusercontent.com/JorgeBeserra/Kodi-Car/master/zips</datadir>
        </dir>
    </extension>
    <extension point="xbmc.addon.metadata">
        <summary>Addon Repository Kodi-Car</summary>
        <description>Repository for Kodi-Car and related addons</description>
        <source>https://github.com/jorgebeserra/Kodi-Car/</source>
        <platform>all</platform>
        <summary lang="pt_BR">Instale Add-ons do Kodi-Car</summary>
        <description lang="pt_BR">Transfira e instale add-ons a partir do repositório Kodi-Car.[CR]|Ao utilizar o repositório, você será capaz de tirar proveito do nosso serviço de espelhamento de arquivos, auxiliando em downloads mais rápidos a partir de uma região perto de você.[CR]|Todos os add-ons neste repositório passam por testes básicos, se você encontrar algum quebrado ou que não esteja funcionando, por favor reporte via issue no GitHub, para que possamos tomar as ações necessárias.</description>
    </extension>
</addon>